marker_id,pos_x,pos_y,pos_z
10,-134.3368611533571,66.02003083232053,-0.8490583486959771
