marker_id,pos_x,pos_y,pos_z
0,-104.6381382217714,101.20599793157696,23.640336897529544
1,-78.81374064157617,110.13766495017188,3.5122306727593156
2,-103.57135791030589,100.28588640909679,19.97901837893077
3,-61.50623125807953,80.42145442813353,7.626834928995926
4,-96.39833401586675,104.6493369209409,8.383366054606295
5,-96.7641296078466,68.7313704179018,3.979149508616679
6,-62.88219352946023,99.19272551578791,0.18847481788859444
