marker_id,pos_x,pos_y,pos_z
1,-97.37363186414213,68.22451728336644,3.326285287551457
2,-71.91238215058924,74.92820147345073,23.606242283699853
3,-60.72461240625527,78.00810206949276,5.923518875663952
4,-77.23694472057088,108.63895624080833,2.8022211581956284
5,-97.6808345288409,103.82359354507204,7.234714220168701
8,-102.06434379813672,99.46879114727018,11.566831866416113
