marker_id,pos_x,pos_y,pos_z
0,-104.68771821342605,101.0689292254149,23.705904724156436
1,-78.85616681406127,110.39594778793209,3.669364003873829
2,-102.60490918139352,100.46634519920235,12.389355563632574
3,-61.507913288790405,80.38901873857009,7.805195368358106
4,-97.01055243001235,104.52727650180624,8.480996847324112
5,-97.56573743084371,68.13352404614959,3.0623984839025375
6,-62.85625549871677,98.94827291566013,0.21115850903867228
