marker_id,pos_x,pos_y,pos_z
1,-78.58590987520324,109.98548184862645,3.7013358229226583
2,-71.04238316521388,74.93181787048118,15.573059068390798
3,-61.21014035757201,80.08356828853161,7.6784645120930435
4,-72.2307617220703,75.04312563261111,23.675625667780945
5,-97.3263973974218,68.18230171287424,3.094972106348205
6,-63.14981479516202,98.93974324598912,0.2094635507025705
