marker_id,pos_x,pos_y,pos_z
0,-83.13315796690155,76.79095738705595,23.189063594080256
1,-78.30830010413834,78.52281274118116,25.735593314537386
2,-75.7691010910664,79.89820702603531,16.285229147710375
3,-80.15120514917926,88.15894987787826,23.222059418959727
4,-80.8665717620028,85.35133210721331,23.998479827955055
