marker_id,pos_x,pos_y,pos_z
0,-70.94491060293228,108.56830938311393,29.548515785442294
1,-72.1531470459647,83.03479071213961,29.151880144091155
2,-63.637461828189075,101.5480872392774,30.12767369914457
3,-57.80641558916688,99.48480792413913,20.933706413027704
4,-102.75275261345872,95.45693858810282,31.316557276037855
5,-104.65763013851482,94.02597963875596,30.758095275193288
6,-61.44645582969793,99.91094066779574,11.794297503162834
