marker_id,pos_x,pos_y,pos_z
0,-67.28723901214389,107.08748268896612,30.41806284467153
1,-71.53053066392198,82.89391607085338,29.250427397020673
2,-63.756024354046055,99.91316349500138,30.485371614799387
3,-57.93531334156359,98.97392627134039,21.17040199112974
4,-104.3660616205259,93.80705403138958,33.81986593174147
5,-104.83689882550055,94.00699713989006,30.866703785581535
