marker_id,pos_x,pos_y,pos_z
0,-65.05720563523074,104.743887359187,31.58877280791979
2,-65.32161238487662,98.83329287725013,30.742140293205896
3,-57.832649432961695,99.4715753594339,21.33029961804306
4,-105.13417584553306,93.2714028739665,34.38951813853784
5,-104.94570041714354,93.86213757581594,30.946762227832792
6,-61.20106093024471,102.27861127602569,18.23837915765759
