marker_id,pos_x,pos_y,pos_z
0,-104.28422779849829,101.222899651121,23.574029930418277
1,-78.95462734142352,110.24927280394441,3.3600949029608422
2,-70.92212138811438,74.49109619993678,20.50272167215697
3,-61.584620800496666,81.24508990817085,8.43558265413636
4,-96.40913553460638,104.61076203421187,8.401651236764149
5,-96.63673025482854,67.77500261369651,3.2302249883897503
