marker_id,pos_x,pos_y,pos_z
0,-93.98563680074837,67.43043000393537,9.845436590954373
